{
  "a": 0.11856397180150913,
  "b": 0.3064503210245407
}