{
  "class_0": {
    "a": -0.8865572395382998,
    "b": -0.008637017399494112
  },
  "class_1": {
    "a": -1.2784860599763344,
    "b": -0.029308787703712848
  },
  "class_2": {
    "a": -0.10524384051271746,
    "b": 0.04330722921370699
  }
}